-- =====================================================================
-- HOANG NHA - 50 san pham chuyen doi theo ERD cua website
-- products / product_images / product_variants / categories
-- (gender + material -> gop vao description; stock -> product_variants)
-- =====================================================================
SET NAMES utf8mb4;
SET FOREIGN_KEY_CHECKS = 0;

-- Tat kiem tra khoa ngoai de xoa du lieu san pham cu an toan.
-- LUU Y: cac bang giao dich mau tham chieu toi san pham cu (gio hang,
-- chi tiet don, yeu thich, danh gia) cung bi xoa de tranh du lieu treo.
-- Tai khoan nguoi dung (users) duoc GIU NGUYEN.
DELETE FROM order_details;
DELETE FROM cart_items;
DELETE FROM wishlists;
DELETE FROM reviews;
DELETE FROM payments;
DELETE FROM orders;
DELETE FROM product_variants;
DELETE FROM product_images;
DELETE FROM products;
DELETE FROM categories;

-- ---------- CATEGORIES ----------
INSERT INTO categories (id, name, is_hidden) VALUES
(1, 'Áo khoác', 0),
(2, 'Set bộ cổ vuông', 0),
(3, 'Set áo 2 dây', 0);

-- ---------- PRODUCTS ----------
INSERT INTO products (id, category_id, name, description, price, is_new, sold_count, is_hidden, created_at) VALUES
(2, 1, '(Combo áo khoát không nón xanh than + xanh kẻ sọc)Nữ chống nắng khóa kéo', 'Áo khoác nam chất liệu nỉ cotton cao cấp · Chất liệu: Nỉ Cotton · Giới tính: Nam', 350000.00, 0, 29, 0, '2026-06-13 11:15:18'),
(3, 1, 'Áo khoác 6 túi xanh ngọc phối viền bản, nữ chống nắng nỉ khóa kéo(2trong, 2 túi ngoài)', 'Áo khoác nam form rộng trẻ trung · Chất liệu: Nỉ Cotton · Giới tính: Nam', 370000.00, 0, 42, 0, '2026-06-13 11:16:21'),
(4, 1, 'Áo khoát 6 túi xanh đen viền bản phối, nữ chống nắng nỉ khóa kéo', 'Áo khoác nam có nón tiện dụng · Chất liệu: Nỉ Cotton · Giới tính: Nam', 390000.00, 0, 55, 0, '2026-06-13 11:16:21'),
(5, 1, 'Áo khoát 6 túi xanh trà, nữ chống nắng nỉ khóa kéo', 'Áo khoác nam su gân không nón · Chất liệu: Su Gân · Giới tính: Nam', 340000.00, 0, 68, 0, '2026-06-13 11:16:21'),
(6, 1, 'Áo khoát gân đủa có nón hàng 4 túi', 'Áo khoác thể thao nam năng động · Chất liệu: Su Gân · Giới tính: Nam', 420000.00, 0, 81, 0, '2026-06-13 11:16:21'),
(7, 1, 'Áo khoát nữ lót lụa phong cách thể thao cá tính phối viền', 'Phong cách Hàn Quốc hiện đại · Chất liệu: Tổng Hợp · Giới tính: Nam', 450000.00, 0, 94, 0, '2026-06-13 11:16:21'),
(8, 1, '(Combo 2 áo khoác nỉ 6 túi đỏ rượu +đen) Nữ chống nắng khóa kéo', 'Áo khoác nam cao cấp sang trọng · Chất liệu: Tổng Hợp · Giới tính: Nam', 550000.00, 0, 107, 0, '2026-06-13 11:16:21'),
(9, 1, '(Combo 2 áo khoát gân 6 túi nâu tây + đen) Nữ chống nắng khóa kéo', 'Chống tia UV hiệu quả · Chất liệu: Tổng Hợp · Giới tính: Nam', 320000.00, 0, 120, 0, '2026-06-13 11:16:21'),
(10, 1, '(Combo 2 áo khoát POLY su viền đen+xanh rêu thêu chữ không nón, nữ chống nắng khóa kéo ngoài) có xỏ ngón tay', 'Khóa kéo chắc chắn · Chất liệu: Nỉ Cotton · Giới tính: Nam', 400000.00, 0, 13, 0, '2026-06-13 11:16:21'),
(11, 1, 'Áo khoát su loại 1 s2( không nón ) from ôm mặt gym, yoga chất liệu su ôm body có xỏ ngón', 'Phong cách thường ngày · Chất liệu: Su Gân · Giới tính: Nam', 380000.00, 0, 26, 0, '2026-06-13 11:16:21'),
(12, 1, 'Áo khoát thun umi chạy viền', 'Áo khoác nữ đơn giản · Chất liệu: Nỉ Cotton · Giới tính: Nữ', 340000.00, 0, 39, 0, '2026-06-13 11:16:21'),
(13, 1, 'Áo thun nam nữ phối họa tiết viền vai form chuẩn chất vải cotton dày dặn co giãn nhẹ mẫu mới nhất hot trend', 'Form rộng thời trang · Chất liệu: Nỉ Cotton · Giới tính: Nữ', 360000.00, 0, 52, 0, '2026-06-13 11:16:21'),
(14, 1, 'combo 3 quần đùi ngẫu nhiên ống rộng chất tuyết mưa', 'Có nón chống nắng · Chất liệu: Nỉ Cotton · Giới tính: Nữ', 390000.00, 0, 65, 0, '2026-06-13 11:16:21'),
(15, 1, 'Áo khoát nam 4 túi, PC nam chống nắng, không nón + khóa kéo(2 túi ngoài, 2 túi trong)', 'Thiết kế thanh lịch · Chất liệu: Su Gân · Giới tính: Nữ', 350000.00, 0, 78, 0, '2026-06-13 11:16:21'),
(16, 1, 'Áo khoát nỉ cổ cao tay phối viền 3 màu cầu vòng Basic phong cách mới( có túi trong tay xỏ ngón chống nắng )', 'Chống nắng UV cao cấp · Chất liệu: Tổng Hợp · Giới tính: Nữ', 290000.00, 0, 91, 0, '2026-06-13 11:16:21'),
(17, 1, 'combo 2 quần đùi đen nam', 'Mỏng nhẹ thoáng khí · Chất liệu: Tổng Hợp · Giới tính: Nữ', 350000.00, 0, 104, 0, '2026-06-13 11:16:21'),
(18, 1, 'áo lẻ cổ lọ tay hiến phong cách hàn quốc', 'Thiết kế trẻ trung · Chất liệu: Su Gân · Giới tính: Nữ', 420000.00, 0, 117, 0, '2026-06-13 11:16:21'),
(19, 1, 'bộ 2 dây chất liệu cotton cực mát co dãn 4 chiều thấm hút mồ hôi', 'Kiểu croptop năng động · Chất liệu: Nỉ Cotton · Giới tính: Nữ', 380000.00, 0, 10, 0, '2026-06-13 11:16:21'),
(20, 1, 'áo khoác 4 túi , nữ chống nắng nĩ có nón khóa kéo(2trong, 2 túi ngoài)', 'Phong cách thể thao · Chất liệu: Tổng Hợp · Giới tính: Nữ', 400000.00, 0, 23, 0, '2026-06-13 11:16:21'),
(21, 1, 'Khoác 4 túi POLY FORM thể thao (không nón) + chống nắng', 'Khóa kéo bền đẹp · Chất liệu: Nỉ Cotton · Giới tính: Nữ', 390000.00, 0, 36, 0, '2026-06-13 11:16:21'),
(22, 2, '(Áo lẻ) xốp nhung size 40-65kg', 'Set bộ cổ vuông ống suông rộng · Chất liệu: Cotton · Giới tính: Nữ', 450000.00, 0, 49, 0, '2026-06-13 11:16:21'),
(23, 2, 'combo 2 áo khoát nỉ 6 túi xanh rêu đậm + đen', 'Thiết kế tay ngắn trẻ trung · Chất liệu: Cotton · Giới tính: Nữ', 470000.00, 0, 62, 0, '2026-06-13 11:16:21'),
(24, 2, 'Set Bộ Cổ Vuông Vintage', 'Phong cách vintage · Chất liệu: Su Gân · Giới tính: Nữ', 490000.00, 0, 75, 0, '2026-06-13 11:16:21'),
(25, 2, 'Set Bộ Cổ Vuông Cao Cấp', 'Chất liệu cotton cao cấp · Chất liệu: Cotton · Giới tính: Nữ', 550000.00, 0, 88, 0, '2026-06-13 11:16:21'),
(26, 2, 'Set Bộ Cổ Vuông Công Sở', 'Phù hợp môi trường công sở · Chất liệu: Cotton · Giới tính: Nữ', 520000.00, 0, 101, 0, '2026-06-13 11:16:21'),
(27, 2, 'Set Bộ Cổ Vuông Hàn Quốc', 'Thiết kế Hàn Quốc · Chất liệu: Su Gân · Giới tính: Nữ', 500000.00, 0, 114, 0, '2026-06-13 11:16:21'),
(28, 2, 'Set Bộ Ống Suông Basic', 'Kiểu dáng basic · Chất liệu: Cotton · Giới tính: Nữ', 460000.00, 0, 7, 0, '2026-06-13 11:16:21'),
(29, 2, 'Set Bộ Ống Suông Dài', 'Ống suông dài thanh lịch · Chất liệu: Cotton · Giới tính: Nữ', 480000.00, 0, 20, 0, '2026-06-13 11:16:21'),
(30, 2, 'Set Bộ Dự Tiệc', 'Thích hợp dự tiệc · Chất liệu: Su Gân · Giới tính: Nữ', 590000.00, 0, 33, 0, '2026-06-13 11:16:21'),
(31, 2, 'Set Bộ Form Rộng', 'Form rộng thoải mái · Chất liệu: Cotton · Giới tính: Nữ', 510000.00, 0, 46, 0, '2026-06-13 11:16:21'),
(32, 3, 'Set Bộ Áo 2 Dây Basic', 'Set áo 2 dây đơn giản · Chất liệu: Cotton · Giới tính: Nữ', 390000.00, 0, 59, 0, '2026-06-13 11:16:21'),
(33, 3, 'Set Bộ Áo 2 Dây Hàn Quốc', 'Phong cách Hàn Quốc · Chất liệu: Cotton · Giới tính: Nữ', 420000.00, 0, 72, 0, '2026-06-13 11:16:21'),
(34, 3, 'Set Bộ Áo 2 Dây Dạo Phố', 'Trang phục dạo phố · Chất liệu: Su Gân · Giới tính: Nữ', 450000.00, 0, 85, 0, '2026-06-13 11:16:21'),
(35, 3, 'Set Bộ Áo 2 Dây Cao Cấp', 'Chất liệu cao cấp · Chất liệu: Cotton · Giới tính: Nữ', 520000.00, 0, 98, 0, '2026-06-13 11:16:21'),
(36, 3, 'Set Bộ Áo 2 Dây Mùa Hè', 'Mặc mùa hè thoáng mát · Chất liệu: Cotton · Giới tính: Nữ', 400000.00, 0, 111, 0, '2026-06-13 11:16:21'),
(37, 3, 'Set Bộ Áo 2 Dây Form Rộng', 'Form rộng thoải mái · Chất liệu: Su Gân · Giới tính: Nữ', 430000.00, 0, 4, 0, '2026-06-13 11:16:21'),
(38, 3, 'Set Bộ Áo 2 Dây Vintage', 'Phong cách vintage · Chất liệu: Cotton · Giới tính: Nữ', 460000.00, 0, 17, 0, '2026-06-13 11:16:21'),
(39, 3, 'Set Bộ Áo 2 Dây Thời Trang', 'Xu hướng thời trang mới · Chất liệu: Cotton · Giới tính: Nữ', 450000.00, 0, 30, 0, '2026-06-13 11:16:21'),
(40, 3, 'Set Bộ Áo 2 Dây Dài', 'Kiểu dáng dài · Chất liệu: Su Gân · Giới tính: Nữ', 470000.00, 0, 43, 0, '2026-06-13 11:16:21'),
(41, 3, 'Set Bộ Áo 2 Dây Premium', 'Phiên bản premium · Chất liệu: Cotton · Giới tính: Nữ', 550000.00, 0, 56, 0, '2026-06-13 11:16:21'),
(42, 1, 'Áo Khoác Chống Nắng Có Nón', 'Có nón chống nắng · Chất liệu: Tổng Hợp · Giới tính: Nữ', 320000.00, 1, 69, 0, '2026-06-13 11:16:21'),
(43, 1, 'Áo Khoác Chống Nắng Không Nón', 'Thiết kế không nón · Chất liệu: Tổng Hợp · Giới tính: Nữ', 300000.00, 1, 82, 0, '2026-06-13 11:16:21'),
(44, 1, 'Áo Khoác Chống Nắng Nam Có Nón', 'Chống nắng cho nam · Chất liệu: Tổng Hợp · Giới tính: Nam', 340000.00, 1, 95, 0, '2026-06-13 11:16:21'),
(45, 1, 'Áo Khoác Chống Nắng Nam Không Nón', 'Mỏng nhẹ thoáng khí · Chất liệu: Tổng Hợp · Giới tính: Nam', 330000.00, 1, 108, 0, '2026-06-13 11:16:21'),
(46, 1, 'Áo Khoác Su Gân Nam', 'Su gân co giãn tốt · Chất liệu: Su Gân · Giới tính: Nam', 390000.00, 1, 121, 0, '2026-06-13 11:16:21'),
(47, 1, 'Áo Khoác Su Gân Nữ', 'Thiết kế nữ tính · Chất liệu: Su Gân · Giới tính: Nữ', 380000.00, 1, 14, 0, '2026-06-13 11:16:21'),
(48, 1, 'Áo Khoác Nỉ Cotton Premium Nam', 'Nỉ cotton cao cấp · Chất liệu: Nỉ Cotton · Giới tính: Nam', 480000.00, 1, 27, 0, '2026-06-13 11:16:21'),
(49, 1, 'Áo Khoác Nỉ Cotton Premium Nữ', 'Mềm mại thoải mái · Chất liệu: Nỉ Cotton · Giới tính: Nữ', 470000.00, 1, 40, 0, '2026-06-13 11:16:21'),
(50, 2, 'Set Bộ Cổ Vuông Luxury', 'Phiên bản luxury · Chất liệu: Cotton · Giới tính: Nữ', 620000.00, 1, 53, 0, '2026-06-13 11:16:21'),
(51, 3, 'Set Bộ Áo 2 Dây Luxury', 'Dòng sản phẩm luxury · Chất liệu: Cotton · Giới tính: Nữ', 650000.00, 1, 66, 0, '2026-06-13 11:16:21');

-- ---------- PRODUCT IMAGES (placeholder) ----------
INSERT INTO product_images (product_id, image_url, is_main) VALUES
(2, 'https://picsum.photos/seed/hn-combo-ao-khoat-khong-non-xanh--1/600/800', 1),
(2, 'https://picsum.photos/seed/hn-combo-ao-khoat-khong-non-xanh--2/600/800', 0),
(3, 'https://picsum.photos/seed/hn-ao-khoac-6-tui-xanh-ngoc-phoi--1/600/800', 1),
(3, 'https://picsum.photos/seed/hn-ao-khoac-6-tui-xanh-ngoc-phoi--2/600/800', 0),
(4, 'https://picsum.photos/seed/hn-ao-khoat-6-tui-xanh-den-vien-b-1/600/800', 1),
(4, 'https://picsum.photos/seed/hn-ao-khoat-6-tui-xanh-den-vien-b-2/600/800', 0),
(5, 'https://picsum.photos/seed/hn-ao-khoat-6-tui-xanh-tra-nu-cho-1/600/800', 1),
(5, 'https://picsum.photos/seed/hn-ao-khoat-6-tui-xanh-tra-nu-cho-2/600/800', 0),
(6, 'https://picsum.photos/seed/hn-ao-khoat-gan-dua-co-non-hang-4-1/600/800', 1),
(6, 'https://picsum.photos/seed/hn-ao-khoat-gan-dua-co-non-hang-4-2/600/800', 0),
(7, 'https://picsum.photos/seed/hn-ao-khoat-nu-lot-lua-phong-cach-1/600/800', 1),
(7, 'https://picsum.photos/seed/hn-ao-khoat-nu-lot-lua-phong-cach-2/600/800', 0),
(8, 'https://picsum.photos/seed/hn-combo-2-ao-khoac-ni-6-tui-do-r-1/600/800', 1),
(8, 'https://picsum.photos/seed/hn-combo-2-ao-khoac-ni-6-tui-do-r-2/600/800', 0),
(9, 'https://picsum.photos/seed/hn-combo-2-ao-khoat-gan-6-tui-nau-1/600/800', 1),
(9, 'https://picsum.photos/seed/hn-combo-2-ao-khoat-gan-6-tui-nau-2/600/800', 0),
(10, 'https://picsum.photos/seed/hn-combo-2-ao-khoat-poly-su-vien--1/600/800', 1),
(10, 'https://picsum.photos/seed/hn-combo-2-ao-khoat-poly-su-vien--2/600/800', 0),
(11, 'https://picsum.photos/seed/hn-ao-khoat-su-loai-1-s2-khong-no-1/600/800', 1),
(11, 'https://picsum.photos/seed/hn-ao-khoat-su-loai-1-s2-khong-no-2/600/800', 0),
(12, 'https://picsum.photos/seed/hn-ao-khoat-thun-umi-chay-vien-1/600/800', 1),
(12, 'https://picsum.photos/seed/hn-ao-khoat-thun-umi-chay-vien-2/600/800', 0),
(13, 'https://picsum.photos/seed/hn-ao-thun-nam-nu-phoi-hoa-tiet-v-1/600/800', 1),
(13, 'https://picsum.photos/seed/hn-ao-thun-nam-nu-phoi-hoa-tiet-v-2/600/800', 0),
(14, 'https://picsum.photos/seed/hn-combo-3-quan-dui-ngau-nhien-on-1/600/800', 1),
(14, 'https://picsum.photos/seed/hn-combo-3-quan-dui-ngau-nhien-on-2/600/800', 0),
(15, 'https://picsum.photos/seed/hn-ao-khoat-nam-4-tui-pc-nam-chon-1/600/800', 1),
(15, 'https://picsum.photos/seed/hn-ao-khoat-nam-4-tui-pc-nam-chon-2/600/800', 0),
(16, 'https://picsum.photos/seed/hn-ao-khoat-ni-co-cao-tay-phoi-vi-1/600/800', 1),
(16, 'https://picsum.photos/seed/hn-ao-khoat-ni-co-cao-tay-phoi-vi-2/600/800', 0),
(17, 'https://picsum.photos/seed/hn-combo-2-quan-dui-den-nam-1/600/800', 1),
(17, 'https://picsum.photos/seed/hn-combo-2-quan-dui-den-nam-2/600/800', 0),
(18, 'https://picsum.photos/seed/hn-ao-le-co-lo-tay-hien-phong-cac-1/600/800', 1),
(18, 'https://picsum.photos/seed/hn-ao-le-co-lo-tay-hien-phong-cac-2/600/800', 0),
(19, 'https://picsum.photos/seed/hn-bo-2-day-chat-lieu-cotton-cuc--1/600/800', 1),
(19, 'https://picsum.photos/seed/hn-bo-2-day-chat-lieu-cotton-cuc--2/600/800', 0),
(20, 'https://picsum.photos/seed/hn-ao-khoac-4-tui-nu-chong-nang-n-1/600/800', 1),
(20, 'https://picsum.photos/seed/hn-ao-khoac-4-tui-nu-chong-nang-n-2/600/800', 0),
(21, 'https://picsum.photos/seed/hn-khoac-4-tui-poly-form-the-thao-1/600/800', 1),
(21, 'https://picsum.photos/seed/hn-khoac-4-tui-poly-form-the-thao-2/600/800', 0),
(22, 'https://picsum.photos/seed/hn-ao-le-xop-nhung-size-40-65kg-1/600/800', 1),
(22, 'https://picsum.photos/seed/hn-ao-le-xop-nhung-size-40-65kg-2/600/800', 0),
(23, 'https://picsum.photos/seed/hn-combo-2-ao-khoat-ni-6-tui-xanh-1/600/800', 1),
(23, 'https://picsum.photos/seed/hn-combo-2-ao-khoat-ni-6-tui-xanh-2/600/800', 0),
(24, 'https://picsum.photos/seed/hn-set-bo-co-vuong-vintage-1/600/800', 1),
(24, 'https://picsum.photos/seed/hn-set-bo-co-vuong-vintage-2/600/800', 0),
(25, 'https://picsum.photos/seed/hn-set-bo-co-vuong-cao-cap-1/600/800', 1),
(25, 'https://picsum.photos/seed/hn-set-bo-co-vuong-cao-cap-2/600/800', 0),
(26, 'https://picsum.photos/seed/hn-set-bo-co-vuong-cong-so-1/600/800', 1),
(26, 'https://picsum.photos/seed/hn-set-bo-co-vuong-cong-so-2/600/800', 0),
(27, 'https://picsum.photos/seed/hn-set-bo-co-vuong-han-quoc-1/600/800', 1),
(27, 'https://picsum.photos/seed/hn-set-bo-co-vuong-han-quoc-2/600/800', 0),
(28, 'https://picsum.photos/seed/hn-set-bo-ong-suong-basic-1/600/800', 1),
(28, 'https://picsum.photos/seed/hn-set-bo-ong-suong-basic-2/600/800', 0),
(29, 'https://picsum.photos/seed/hn-set-bo-ong-suong-dai-1/600/800', 1),
(29, 'https://picsum.photos/seed/hn-set-bo-ong-suong-dai-2/600/800', 0),
(30, 'https://picsum.photos/seed/hn-set-bo-du-tiec-1/600/800', 1),
(30, 'https://picsum.photos/seed/hn-set-bo-du-tiec-2/600/800', 0),
(31, 'https://picsum.photos/seed/hn-set-bo-form-rong-1/600/800', 1),
(31, 'https://picsum.photos/seed/hn-set-bo-form-rong-2/600/800', 0),
(32, 'https://picsum.photos/seed/hn-set-bo-ao-2-day-basic-1/600/800', 1),
(32, 'https://picsum.photos/seed/hn-set-bo-ao-2-day-basic-2/600/800', 0),
(33, 'https://picsum.photos/seed/hn-set-bo-ao-2-day-han-quoc-1/600/800', 1),
(33, 'https://picsum.photos/seed/hn-set-bo-ao-2-day-han-quoc-2/600/800', 0),
(34, 'https://picsum.photos/seed/hn-set-bo-ao-2-day-dao-pho-1/600/800', 1),
(34, 'https://picsum.photos/seed/hn-set-bo-ao-2-day-dao-pho-2/600/800', 0),
(35, 'https://picsum.photos/seed/hn-set-bo-ao-2-day-cao-cap-1/600/800', 1),
(35, 'https://picsum.photos/seed/hn-set-bo-ao-2-day-cao-cap-2/600/800', 0),
(36, 'https://picsum.photos/seed/hn-set-bo-ao-2-day-mua-he-1/600/800', 1),
(36, 'https://picsum.photos/seed/hn-set-bo-ao-2-day-mua-he-2/600/800', 0),
(37, 'https://picsum.photos/seed/hn-set-bo-ao-2-day-form-rong-1/600/800', 1),
(37, 'https://picsum.photos/seed/hn-set-bo-ao-2-day-form-rong-2/600/800', 0),
(38, 'https://picsum.photos/seed/hn-set-bo-ao-2-day-vintage-1/600/800', 1),
(38, 'https://picsum.photos/seed/hn-set-bo-ao-2-day-vintage-2/600/800', 0),
(39, 'https://picsum.photos/seed/hn-set-bo-ao-2-day-thoi-trang-1/600/800', 1),
(39, 'https://picsum.photos/seed/hn-set-bo-ao-2-day-thoi-trang-2/600/800', 0),
(40, 'https://picsum.photos/seed/hn-set-bo-ao-2-day-dai-1/600/800', 1),
(40, 'https://picsum.photos/seed/hn-set-bo-ao-2-day-dai-2/600/800', 0),
(41, 'https://picsum.photos/seed/hn-set-bo-ao-2-day-premium-1/600/800', 1),
(41, 'https://picsum.photos/seed/hn-set-bo-ao-2-day-premium-2/600/800', 0),
(42, 'https://picsum.photos/seed/hn-ao-khoac-chong-nang-co-non-1/600/800', 1),
(42, 'https://picsum.photos/seed/hn-ao-khoac-chong-nang-co-non-2/600/800', 0),
(43, 'https://picsum.photos/seed/hn-ao-khoac-chong-nang-khong-non-1/600/800', 1),
(43, 'https://picsum.photos/seed/hn-ao-khoac-chong-nang-khong-non-2/600/800', 0),
(44, 'https://picsum.photos/seed/hn-ao-khoac-chong-nang-nam-co-non-1/600/800', 1),
(44, 'https://picsum.photos/seed/hn-ao-khoac-chong-nang-nam-co-non-2/600/800', 0),
(45, 'https://picsum.photos/seed/hn-ao-khoac-chong-nang-nam-khong--1/600/800', 1),
(45, 'https://picsum.photos/seed/hn-ao-khoac-chong-nang-nam-khong--2/600/800', 0),
(46, 'https://picsum.photos/seed/hn-ao-khoac-su-gan-nam-1/600/800', 1),
(46, 'https://picsum.photos/seed/hn-ao-khoac-su-gan-nam-2/600/800', 0),
(47, 'https://picsum.photos/seed/hn-ao-khoac-su-gan-nu-1/600/800', 1),
(47, 'https://picsum.photos/seed/hn-ao-khoac-su-gan-nu-2/600/800', 0),
(48, 'https://picsum.photos/seed/hn-ao-khoac-ni-cotton-premium-nam-1/600/800', 1),
(48, 'https://picsum.photos/seed/hn-ao-khoac-ni-cotton-premium-nam-2/600/800', 0),
(49, 'https://picsum.photos/seed/hn-ao-khoac-ni-cotton-premium-nu-1/600/800', 1),
(49, 'https://picsum.photos/seed/hn-ao-khoac-ni-cotton-premium-nu-2/600/800', 0),
(50, 'https://picsum.photos/seed/hn-set-bo-co-vuong-luxury-1/600/800', 1),
(50, 'https://picsum.photos/seed/hn-set-bo-co-vuong-luxury-2/600/800', 0),
(51, 'https://picsum.photos/seed/hn-set-bo-ao-2-day-luxury-1/600/800', 1),
(51, 'https://picsum.photos/seed/hn-set-bo-ao-2-day-luxury-2/600/800', 0);

-- ---------- PRODUCT VARIANTS (size / color / stock) ----------
INSERT INTO product_variants (product_id, size, color, stock) VALUES
(2, 'S', 'Xanh than', 9),
(2, 'M', 'Xanh than', 9),
(2, 'L', 'Xanh than', 8),
(2, 'S', 'Xanh', 8),
(2, 'M', 'Xanh', 8),
(2, 'L', 'Xanh', 8),
(3, 'S', 'Xanh ngọc', 7),
(3, 'M', 'Xanh ngọc', 7),
(3, 'L', 'Xanh ngọc', 7),
(3, 'S', 'Xanh', 7),
(3, 'M', 'Xanh', 6),
(3, 'L', 'Xanh', 6),
(4, 'S', 'Xanh đen', 6),
(4, 'M', 'Xanh đen', 6),
(4, 'L', 'Xanh đen', 6),
(4, 'S', 'Đen', 6),
(4, 'M', 'Đen', 6),
(4, 'L', 'Đen', 5),
(5, 'S', 'Xanh trà', 8),
(5, 'M', 'Xanh trà', 8),
(5, 'L', 'Xanh trà', 8),
(5, 'S', 'Xanh', 7),
(5, 'M', 'Xanh', 7),
(5, 'L', 'Xanh', 7),
(6, 'S', 'Đen', 5),
(6, 'M', 'Đen', 5),
(6, 'L', 'Đen', 5),
(6, 'S', 'Trắng', 5),
(6, 'M', 'Trắng', 5),
(6, 'L', 'Trắng', 5),
(7, 'S', 'Đen', 5),
(7, 'M', 'Đen', 4),
(7, 'L', 'Đen', 4),
(7, 'S', 'Trắng', 4),
(7, 'M', 'Trắng', 4),
(7, 'L', 'Trắng', 4),
(8, 'S', 'Đỏ rượu', 4),
(8, 'M', 'Đỏ rượu', 4),
(8, 'L', 'Đỏ rượu', 3),
(8, 'S', 'Đen', 3),
(8, 'M', 'Đen', 3),
(8, 'L', 'Đen', 3),
(9, 'S', 'Nâu tây', 10),
(9, 'M', 'Nâu tây', 10),
(9, 'L', 'Nâu tây', 10),
(9, 'S', 'Đen', 10),
(9, 'M', 'Đen', 10),
(9, 'L', 'Đen', 10),
(10, 'S', 'Xanh rêu', 5),
(10, 'M', 'Xanh rêu', 5),
(10, 'L', 'Xanh rêu', 5),
(10, 'S', 'Đen', 5),
(10, 'M', 'Đen', 5),
(10, 'L', 'Đen', 5),
(11, 'S', 'Đen', 7),
(11, 'M', 'Đen', 7),
(11, 'L', 'Đen', 7),
(11, 'S', 'Trắng', 7),
(11, 'M', 'Trắng', 6),
(11, 'L', 'Trắng', 6),
(12, 'S', 'Đen', 10),
(12, 'M', 'Đen', 9),
(12, 'L', 'Đen', 9),
(12, 'S', 'Trắng', 9),
(12, 'M', 'Trắng', 9),
(12, 'L', 'Trắng', 9),
(13, 'S', 'Đen', 8),
(13, 'M', 'Đen', 8),
(13, 'L', 'Đen', 8),
(13, 'S', 'Trắng', 7),
(13, 'M', 'Trắng', 7),
(13, 'L', 'Trắng', 7),
(14, 'S', 'Đen', 6),
(14, 'M', 'Đen', 6),
(14, 'L', 'Đen', 6),
(14, 'S', 'Trắng', 6),
(14, 'M', 'Trắng', 6),
(14, 'L', 'Trắng', 5),
(15, 'S', 'Đen', 7),
(15, 'M', 'Đen', 7),
(15, 'L', 'Đen', 7),
(15, 'S', 'Trắng', 7),
(15, 'M', 'Trắng', 6),
(15, 'L', 'Trắng', 6),
(16, 'S', 'Đen', 12),
(16, 'M', 'Đen', 12),
(16, 'L', 'Đen', 12),
(16, 'S', 'Trắng', 12),
(16, 'M', 'Trắng', 11),
(16, 'L', 'Trắng', 11),
(17, 'S', 'Đen', 17),
(17, 'M', 'Đen', 17),
(17, 'L', 'Đen', 16),
(18, 'S', 'Đen', 5),
(18, 'M', 'Đen', 5),
(18, 'L', 'Đen', 5),
(18, 'S', 'Trắng', 5),
(18, 'M', 'Trắng', 5),
(18, 'L', 'Trắng', 5),
(19, 'S', 'Đen', 5),
(19, 'M', 'Đen', 4),
(19, 'L', 'Đen', 4),
(19, 'S', 'Trắng', 4),
(19, 'M', 'Trắng', 4),
(19, 'L', 'Trắng', 4),
(20, 'S', 'Đen', 6),
(20, 'M', 'Đen', 6),
(20, 'L', 'Đen', 6),
(20, 'S', 'Trắng', 6),
(20, 'M', 'Trắng', 6),
(20, 'L', 'Trắng', 5),
(21, 'S', 'Đen', 5),
(21, 'M', 'Đen', 5),
(21, 'L', 'Đen', 5),
(21, 'S', 'Trắng', 5),
(21, 'M', 'Trắng', 5),
(21, 'L', 'Trắng', 5),
(22, 'S', 'Đen', 5),
(22, 'M', 'Đen', 5),
(22, 'L', 'Đen', 5),
(22, 'S', 'Trắng', 5),
(22, 'M', 'Trắng', 5),
(22, 'L', 'Trắng', 5),
(23, 'S', 'Xanh rêu', 5),
(23, 'M', 'Xanh rêu', 4),
(23, 'L', 'Xanh rêu', 4),
(23, 'S', 'Đen', 4),
(23, 'M', 'Đen', 4),
(23, 'L', 'Đen', 4),
(24, 'S', 'Đen', 4),
(24, 'M', 'Đen', 4),
(24, 'L', 'Đen', 3),
(24, 'S', 'Trắng', 3),
(24, 'M', 'Trắng', 3),
(24, 'L', 'Trắng', 3),
(25, 'S', 'Đen', 3),
(25, 'M', 'Đen', 3),
(25, 'L', 'Đen', 3),
(25, 'S', 'Trắng', 2),
(25, 'M', 'Trắng', 2),
(25, 'L', 'Trắng', 2),
(26, 'S', 'Đen', 3),
(26, 'M', 'Đen', 3),
(26, 'L', 'Đen', 3),
(26, 'S', 'Trắng', 3),
(26, 'M', 'Trắng', 3),
(26, 'L', 'Trắng', 3),
(27, 'S', 'Đen', 4),
(27, 'M', 'Đen', 4),
(27, 'L', 'Đen', 3),
(27, 'S', 'Trắng', 3),
(27, 'M', 'Trắng', 3),
(27, 'L', 'Trắng', 3),
(28, 'S', 'Đen', 5),
(28, 'M', 'Đen', 4),
(28, 'L', 'Đen', 4),
(28, 'S', 'Trắng', 4),
(28, 'M', 'Trắng', 4),
(28, 'L', 'Trắng', 4),
(29, 'S', 'Đen', 4),
(29, 'M', 'Đen', 4),
(29, 'L', 'Đen', 4),
(29, 'S', 'Trắng', 4),
(29, 'M', 'Trắng', 3),
(29, 'L', 'Trắng', 3),
(30, 'S', 'Đen', 2),
(30, 'M', 'Đen', 2),
(30, 'L', 'Đen', 2),
(30, 'S', 'Trắng', 2),
(30, 'M', 'Trắng', 2),
(30, 'L', 'Trắng', 2),
(31, 'S', 'Đen', 4),
(31, 'M', 'Đen', 4),
(31, 'L', 'Đen', 3),
(31, 'S', 'Trắng', 3),
(31, 'M', 'Trắng', 3),
(31, 'L', 'Trắng', 3),
(32, 'S', 'Đen', 6),
(32, 'M', 'Đen', 6),
(32, 'L', 'Đen', 6),
(32, 'S', 'Trắng', 6),
(32, 'M', 'Trắng', 6),
(32, 'L', 'Trắng', 5),
(33, 'S', 'Đen', 5),
(33, 'M', 'Đen', 5),
(33, 'L', 'Đen', 5),
(33, 'S', 'Trắng', 5),
(33, 'M', 'Trắng', 5),
(33, 'L', 'Trắng', 5),
(34, 'S', 'Đen', 5),
(34, 'M', 'Đen', 4),
(34, 'L', 'Đen', 4),
(34, 'S', 'Trắng', 4),
(34, 'M', 'Trắng', 4),
(34, 'L', 'Trắng', 4),
(35, 'S', 'Đen', 3),
(35, 'M', 'Đen', 3),
(35, 'L', 'Đen', 3),
(35, 'S', 'Trắng', 2),
(35, 'M', 'Trắng', 2),
(35, 'L', 'Trắng', 2),
(36, 'S', 'Đen', 5),
(36, 'M', 'Đen', 5),
(36, 'L', 'Đen', 5),
(36, 'S', 'Trắng', 5),
(36, 'M', 'Trắng', 5),
(36, 'L', 'Trắng', 5),
(37, 'S', 'Đen', 5),
(37, 'M', 'Đen', 5),
(37, 'L', 'Đen', 5),
(37, 'S', 'Trắng', 5),
(37, 'M', 'Trắng', 4),
(37, 'L', 'Trắng', 4),
(38, 'S', 'Đen', 4),
(38, 'M', 'Đen', 4),
(38, 'L', 'Đen', 3),
(38, 'S', 'Trắng', 3),
(38, 'M', 'Trắng', 3),
(38, 'L', 'Trắng', 3),
(39, 'S', 'Đen', 5),
(39, 'M', 'Đen', 4),
(39, 'L', 'Đen', 4),
(39, 'S', 'Trắng', 4),
(39, 'M', 'Trắng', 4),
(39, 'L', 'Trắng', 4),
(40, 'S', 'Đen', 3),
(40, 'M', 'Đen', 3),
(40, 'L', 'Đen', 3),
(40, 'S', 'Trắng', 3),
(40, 'M', 'Trắng', 3),
(40, 'L', 'Trắng', 3),
(41, 'S', 'Đen', 2),
(41, 'M', 'Đen', 2),
(41, 'L', 'Đen', 2),
(41, 'S', 'Trắng', 2),
(41, 'M', 'Trắng', 2),
(41, 'L', 'Trắng', 2),
(42, 'S', 'Đen', 9),
(42, 'M', 'Đen', 9),
(42, 'L', 'Đen', 8),
(42, 'S', 'Trắng', 8),
(42, 'M', 'Trắng', 8),
(42, 'L', 'Trắng', 8),
(43, 'S', 'Đen', 10),
(43, 'M', 'Đen', 9),
(43, 'L', 'Đen', 9),
(43, 'S', 'Trắng', 9),
(43, 'M', 'Trắng', 9),
(43, 'L', 'Trắng', 9),
(44, 'S', 'Đen', 7),
(44, 'M', 'Đen', 7),
(44, 'L', 'Đen', 7),
(44, 'S', 'Trắng', 7),
(44, 'M', 'Trắng', 6),
(44, 'L', 'Trắng', 6),
(45, 'S', 'Đen', 8),
(45, 'M', 'Đen', 8),
(45, 'L', 'Đen', 8),
(45, 'S', 'Trắng', 7),
(45, 'M', 'Trắng', 7),
(45, 'L', 'Trắng', 7),
(46, 'S', 'Đen', 5),
(46, 'M', 'Đen', 5),
(46, 'L', 'Đen', 5),
(46, 'S', 'Trắng', 5),
(46, 'M', 'Trắng', 5),
(46, 'L', 'Trắng', 5),
(47, 'S', 'Đen', 6),
(47, 'M', 'Đen', 6),
(47, 'L', 'Đen', 6),
(47, 'S', 'Trắng', 6),
(47, 'M', 'Trắng', 6),
(47, 'L', 'Trắng', 5),
(48, 'S', 'Đen', 4),
(48, 'M', 'Đen', 4),
(48, 'L', 'Đen', 3),
(48, 'S', 'Trắng', 3),
(48, 'M', 'Trắng', 3),
(48, 'L', 'Trắng', 3),
(49, 'S', 'Đen', 4),
(49, 'M', 'Đen', 4),
(49, 'L', 'Đen', 4),
(49, 'S', 'Trắng', 4),
(49, 'M', 'Trắng', 3),
(49, 'L', 'Trắng', 3),
(50, 'S', 'Đen', 2),
(50, 'M', 'Đen', 2),
(50, 'L', 'Đen', 2),
(50, 'S', 'Trắng', 2),
(50, 'M', 'Trắng', 1),
(50, 'L', 'Trắng', 1),
(51, 'S', 'Đen', 2),
(51, 'M', 'Đen', 2),
(51, 'L', 'Đen', 1),
(51, 'S', 'Trắng', 1),
(51, 'M', 'Trắng', 1),
(51, 'L', 'Trắng', 1);

SET FOREIGN_KEY_CHECKS = 1;
